Site_Code,latitude,longitude,first_date,last_date
F10001,-7.37907114203945,54.8320262328999,2000-03-16,2009-05-06
F10002,-7.28052140593477,55.0111212741735,1998-07-15,2005-12-07
F10005,-7.29139069094265,54.9957168113962,1998-07-15,2005-12-07
F10006,-7.31393597951458,55.0140810271703,1996-07-23,2005-12-06
F10007,-7.34085738138175,55.0091007870943,1998-07-15,2005-12-07
F10009,-7.31637036552276,55.0115705935316,1998-07-15,2005-12-06
F10010,-7.34022757720219,55.003671819537,1998-07-15,2005-12-07
F10011,-7.3027171732224,55.0011988791913,1996-07-23,2005-12-07
F10012,-7.30630547918486,54.9825263078152,1996-07-23,2005-12-07
F10013,-7.42742899914151,54.8610452350143,1992-07-06,1999-12-10
F10014,-7.404495913312,54.8511974401588,1995-06-02,2018-11-27
F10015,-7.39021607711625,54.8906152406365,2000-03-16,2018-11-27
F10016,-7.2338373405447,54.8279173443935,2000-03-16,2009-05-06
F10017,-7.32047612203015,54.8916732836598,2000-03-16,2009-05-06
F10018,-7.27977380400881,54.8975650474648,2000-03-16,2009-05-06
F10019,-7.20685926835111,54.8253994303424,2000-01-18,2018-07-27
F10020,-7.28596278930465,54.8384848629138,2000-01-18,2018-11-27
F10021,-7.39113168870386,54.8846731903814,2000-01-18,2000-12-07
F10022,-7.41873287812973,54.8896412280149,1990-01-10,2018-12-03
F10023,-7.30077373928501,54.8838002096133,1992-07-06,2018-11-27
F10024,-7.31613592584156,54.8728207613281,1992-07-06,2018-11-27
F10025,-7.54604484851139,54.7930076258427,1990-01-10,2018-12-03
F10026,-7.45437947810056,54.8141619285914,2000-01-18,2018-11-27
F10027,-7.45885860832488,54.7827955914067,2000-03-16,2009-04-09
F10028,-7.46396311679517,54.8245619517763,1990-01-03,2018-12-03
F10029,-7.45418954636892,54.7636588779319,1992-07-06,2018-11-27
F10030,-7.42118500207541,54.7566247954974,1994-04-15,2018-11-27
F10031,-7.49227423038029,54.7207957557188,2000-03-21,2009-04-21
F10032,-7.53836828623067,54.7204321944817,2000-03-21,2009-04-21
F10033,-7.79079202134897,54.6595259422609,2000-03-21,2009-12-10
F10034,-7.72543426071956,54.6778643760609,2000-03-21,2009-04-09
F10035,-7.808080014237,54.7194980892706,2000-01-21,2018-11-29
F10036,-7.76236952061527,54.6550268346553,2000-03-21,2009-04-09
F10037,-7.56150298757213,54.7135383377787,2000-03-21,2009-04-21
F10038,-7.6727957219339,54.7059671359891,2000-03-21,2018-11-29
F10039,-7.51761537570066,54.7182313435036,2000-01-21,2009-12-10
F10040,-7.60081377329327,54.7094073392758,2000-01-21,2009-12-10
F10041,-7.69602494552159,54.7050754843702,2000-01-21,2009-12-10
F10042,-7.4349624922873,54.7343040811326,2000-01-21,2018-11-29
F10043,-7.73639486774772,54.6634170859015,2000-01-21,2018-11-29
F10044,-7.43404025105999,54.7358718111072,1990-01-10,2018-11-29
F10045,-7.5121855624554,54.7077892705038,1992-07-06,2018-11-29
F10046,-7.64371347179929,54.6913505422431,1992-07-06,2015-03-26
F10047,-7.70530318169982,54.6727595839509,1990-01-10,2018-11-29
F10048,-7.67990244798633,54.7017910726612,1990-01-10,2018-11-29
F10049,-7.77522199583168,54.6646902018771,1992-07-06,2018-11-29
F10050,-7.37338902234139,54.7206345104931,1990-02-15,1999-12-02
F10051,-7.09488793075581,54.7785052293647,2000-01-07,2004-08-16
F10052,-7.0165553895658,54.7908941115014,2000-01-07,2009-12-14
F10053,-6.99639401353382,54.7939629522025,2000-01-07,2009-12-14
F10054,-6.95722020417243,54.7961837766628,2000-01-07,2009-12-14
F10055,-7.22193689575004,54.7695144465934,2000-01-07,2009-12-14
F10056,-7.09559181132399,54.6786702505026,2000-03-07,2018-11-19
F10057,-7.08195050393048,54.7815700776712,2000-01-07,2009-12-14
F10058,-6.93979842120502,54.7103312312008,2000-01-07,2018-11-19
F10059,-6.96401077721004,54.7160744420825,2000-01-07,2009-11-27
F10060,-7.26409170553013,54.7266136739772,2000-01-07,2009-11-27
F10061,-7.36351565863786,54.7258112173651,2000-01-07,2018-12-13
F10062,-7.19916904109127,54.7690068895194,2000-03-07,2009-04-23
F10063,-7.16397675840276,54.7652569373578,2000-03-07,2010-10-14
F10064,-7.30478624053991,54.7611245229272,2000-03-07,2009-04-23
F10065,-7.13971092941068,54.7659316198224,2000-03-07,2009-04-28
F10066,-7.02898778426353,54.787832168384,2000-03-07,2009-12-14
F10067,-7.28726862064529,54.757312786831,2000-01-07,2009-12-14
F10068,-7.25792890791316,54.7674134321069,2000-01-07,2009-12-14
F10069,-7.04724141261039,54.6666211512183,2000-03-07,2018-11-19
F10070,-7.02251352347971,54.6521134593818,2000-03-07,2009-04-23
F10071,-7.18928445360182,54.7030943411162,2000-03-07,2009-04-23
F10072,-7.32043606175363,54.7319732750991,1990-01-10,2018-12-13
F10073,-7.18318131941997,54.7157826061207,1992-07-20,2018-11-19
F10074,-7.17563357913503,54.7290985417528,1992-07-20,2018-11-19
F10075,-7.10611713985483,54.7316061823673,1992-07-20,2018-11-19
F10076,-7.06633490802453,54.7280812516355,1992-07-20,2018-11-19
F10077,-7.04866574718808,54.7071114818933,1992-07-20,2018-12-03
F10078,-7.301766513531,54.7434374120428,1990-01-10,2018-04-10
F10079,-7.12580262673132,54.7668113136695,1992-07-20,2018-12-13
F10080,-7.01428611159111,54.7902378795898,1992-07-20,2018-04-26
F10081,-7.16997449647119,54.7181542718393,1992-07-20,2018-11-19
F10082,-7.09857760306771,54.6838489516245,1992-07-20,1999-11-25
F10083,-7.12495600997028,54.6865127927735,1992-07-20,2018-11-19
F10084,-7.31373322264445,54.6445291015927,2000-01-28,2009-12-15
F10085,-7.32820540221129,54.6996054333572,2000-01-28,2015-09-24
F10086,-7.36315566082243,54.7210572635119,1990-01-10,2018-12-06
F10087,-7.32430522640564,54.6449748494518,1990-02-15,2018-04-10
F10088,-7.30537947952314,54.6021252598229,1990-01-03,2017-10-10
F10089,-7.32492414356592,54.6608965883206,1992-07-08,2018-12-06
F10090,-7.54861912458833,54.6679918074993,2000-01-28,2018-12-06
F10091,-7.49432291050824,54.5998374946425,2000-01-28,2018-04-11
F10092,-7.4872698570159,54.6057996139071,2000-01-28,2018-04-11
F10093,-7.59993910015436,54.6532962885567,2000-01-28,2009-12-15
F10094,-7.49403042839522,54.63337952149,2000-03-27,2009-04-30
F10095,-7.5341842595028,54.6590348690441,2000-03-26,2009-04-30
F10096,-7.37824862553918,54.6241533329644,2000-03-26,2009-04-30
F10097,-7.53933353991741,54.6161600610373,2000-01-28,2018-12-06
F10098,-7.33359623710149,54.620537994663,1990-01-10,1997-12-05
F10099,-7.3358682962679,54.6207570993726,1998-01-19,2018-12-06
F10100,-7.36328527647871,54.6177243745307,1997-01-17,2009-12-15
F10101,-7.3931249394876,54.6357004232562,1992-07-06,2018-12-06
F10102,-7.46734819816225,54.6453114672389,1992-07-06,2018-12-06
F10103,-7.48986715224489,54.6158897497304,1992-07-06,2018-12-06
F10104,-7.06604137691735,54.5929685240111,2000-01-25,2018-12-04
F10105,-7.25216567133532,54.5861051570618,2000-03-23,2009-04-28
F10106,-7.11757892791829,54.5490487538791,2000-01-25,2018-04-12
F10107,-7.04122968399049,54.5849498054369,2000-01-25,2018-12-04
F10108,-7.16719831321009,54.6029779460922,2000-01-25,2018-12-04
F10109,-7.25768607183109,54.6014917199455,2000-01-25,2018-12-04
F10110,-7.05367118673702,54.5733601778971,2000-01-25,2018-08-09
F10111,-7.28306435410368,54.6031359816923,1990-01-10,2018-12-04
F10112,-7.2767900880917,54.6026764275131,1992-07-08,1999-12-02
F10113,-7.27186575422702,54.6098155956914,1992-07-08,2009-12-07
F10114,-7.1273941789406,54.5757201248134,1992-07-20,2018-12-04
F10115,-7.21021058220638,54.580879696819,1992-07-20,2018-12-04
F10116,-7.44462581470962,54.525911596248,2000-03-23,2009-04-21
F10117,-7.3300732182715604,54.5494783840716,2000-03-23,2009-04-21
F10118,-7.22413264688746,54.4911710327597,2000-01-25,2018-12-04
F10119,-7.23226750657048,54.5107980679827,2000-01-25,2004-08-10
F10120,-7.42920324716878,54.5088432085952,2000-01-25,2018-12-04
F10121,-7.40277425595403,54.5204028824542,2000-01-25,2018-12-04
F10122,-7.3319386023348,54.4892368800032,2000-03-23,2009-04-21
F10123,-7.42034437895074,54.5337209155671,2000-03-23,2009-04-21
F10124,-7.3252708748925,54.4752844162074,2000-03-23,2009-04-21
F10125,-7.4907356622724,54.5401555972681,2000-01-25,2004-08-10
F10126,-7.16656455854605,54.5021698853374,2000-03-23,2009-12-07
F10127,-7.20931995446396,54.4822891057947,2000-03-23,2018-12-04
F10128,-7.29678837958267,54.600521520864,1990-02-15,2018-12-04
F10129,-7.32503365643298,54.5523879243169,1990-01-10,2018-12-04
F10130,-7.35212022687974,54.5615014717914,1996-01-02,2018-12-04
F10131,-7.35195122389534,54.5750743930455,1999-01-04,2015-09-17
F10132,-7.41500924196519,54.5308834246517,1992-07-20,1999-11-25
F10133,-7.30591029026857,54.5563760963304,1990-01-10,2018-12-04
F10134,-7.30393868895791,54.5287587550657,1992-07-20,2018-12-04
F10135,-7.32042885617689,54.487277182156,1992-07-20,2018-08-02
F10136,-7.27153558722921,54.5173654748535,1992-07-20,2018-12-04
F10137,-7.21637752130149,54.5004818334341,1992-07-20,2018-12-04
F10138,-7.08323671779641,54.8668658941048,2000-03-14,2015-10-15
F10139,-7.05842803544464,54.8493924913803,2000-01-14,2009-11-30
F10140,-7.09021665019066,54.9572876103648,2000-01-14,2018-11-29
F10141,-7.18571116204663,54.9537698620542,2000-01-14,2009-11-30
F10142,-7.25244030394349,54.9569653293626,2000-03-14,2008-05-01
F10143,-7.14089286785546,54.9591834482887,2000-03-14,2018-11-29
F10144,-7.04070476445427,54.9302992314807,2000-03-14,2009-12-04
F10145,-7.28328379322199,54.9780630737726,2000-03-14,2018-11-29
F10146,-7.16621024334269,54.8537649438194,2000-03-14,2009-11-30
F10147,-7.23007907925253,55.0299906058412,1990-02-15,2004-11-25
F10148,-7.25557036222824,55.0189567768185,1990-01-03,2014-05-20
F10151,-7.26003005320729,54.9669647390449,1992-07-06,2018-11-29
F10152,-7.21895589775103,54.9409628851748,1992-07-06,2018-11-29
F10153,-7.19706597247838,54.9134762230151,1994-04-08,2009-11-30
F10154,-7.15110722316178,54.9086004051668,1990-02-15,1999-12-10
F10155,-7.14122082058421,54.9108754720901,1994-04-08,2018-11-29
F10156,-7.07336906310745,54.8550231068972,1994-04-08,2009-11-30
F10157,-7.21626649401889,54.941250987681,1992-07-06,2018-11-29
F10158,-7.15974930410642,54.9046361192821,1994-04-08,2014-11-20
F10159,-6.9975823307087,54.8822058860266,2000-01-11,2009-11-25
F10160,-6.92057346934344,54.9674876929243,2000-01-11,2018-11-22
F10161,-6.93802620585277,54.965269870786,2000-01-11,2018-11-22
F10162,-6.92085706841821,54.9347826591284,2000-01-11,2009-11-25
F10163,-6.94300567398154,54.9546144101166,2000-01-11,2018-11-22
F10164,-6.98354174888217,54.8767172408235,2000-01-11,2004-05-28
F10165,-6.9206234445509,55.0511471883436,2000-03-09,2018-07-20
F10166,-6.8520643419636,55.0832180405832,2000-03-09,2009-11-25
F10167,-6.9430770256665,55.0843745084746,2000-03-09,2009-04-30
F10168,-6.97162544708148,54.9212901039689,2000-03-09,2009-11-25
F10169,-6.8432200433218,54.8957727839139,2000-01-11,2018-11-22
F10170,-6.95088909353299,55.1095672007496,1990-01-10,2018-12-04
F10171,-6.95611666943253,55.0490942934864,1990-01-03,2018-11-22
F10172,-6.93847537061634,55.0257566151451,1990-02-15,2018-11-22
F10173,-6.93635928251083,54.9627669816976,1990-02-15,1999-12-02
F10174,-6.93252772590357,54.928867036542,1990-02-15,2007-11-27
F10175,-6.8306568790586,54.8990122340548,1990-02-15,2018-11-22
F10176,-6.92292320948749,55.0511585806573,1994-04-08,2018-08-30
F10177,-6.93023420936602,55.0639159895784,1990-01-10,2018-11-22
F10178,-6.93524607507355,54.9310737899818,1990-01-10,2018-11-22
F10179,-6.95723181487509,54.903740123468,1990-01-10,2018-11-22
F10180,-7.02064748384001,55.0443038635063,2000-01-14,2018-11-21
F10181,-7.18083685854343,55.0137964162462,1992-07-06,2018-11-21
F10182,-7.09575237566612,55.0360280682221,1992-07-06,2018-11-21
F10183,-6.98808152725448,55.0596227655765,1992-07-06,2018-11-21
F10184,-6.93988917909708,55.1450530258443,2000-03-09,2009-04-30
F10185,-6.86105888917359,55.1622895054975,2000-03-09,2009-04-30
F10186,-6.23439853356968,54.949521692226,2000-03-08,2009-12-23
F10187,-6.19993017378511,54.9042122356189,2000-01-11,2018-12-06
F10188,-6.12331839415148,54.9171759492017,2000-01-10,2018-12-06
F10189,-6.11283063610264,54.9079932483426,2000-01-10,2018-12-06
F10190,-6.11400618953102,54.9001951663072,2000-01-10,2018-12-06
F10191,-6.32923140471532,54.9955300765857,2000-01-11,2018-12-06
F10192,-6.21121292890027,54.9823337934624,2000-01-11,2018-12-06
F10193,-6.20914370655573,54.9726724430538,2000-01-11,2018-12-06
F10194,-6.20967138995852,54.8065901256442,2000-01-10,2018-12-06
F10195,-6.09082199719477,54.8303746006301,2000-01-10,2018-12-06
F10196,-6.17696918043984,54.8958199415448,2000-03-08,2009-03-10
F10197,-6.23559435625126,54.8748274262434,2000-01-11,2018-12-06
F10198,-6.36528800048932,54.9219485616778,2000-03-08,2018-12-06
F10199,-6.39276470569537,54.997176923908,2000-03-09,2011-09-02
F10200,-6.17182584489702,54.8961469169053,2000-03-08,2009-12-17
F10201,-6.12282990740593,54.8298227962435,2000-03-08,2009-12-15
F10202,-6.36600308674858,55.0277423266686,2000-01-11,2018-12-06
F10203,-6.19773916301329,54.8094411476729,2000-03-08,2009-12-15
F10204,-6.28513244319794,54.7898197834627,2000-03-08,2018-12-06
F10205,-6.28528863423537,54.8173404427664,2000-03-08,2009-03-19
F10206,-6.33029394903937,54.8226847551706,2000-03-08,2009-03-19
F10207,-6.36929543152662,54.9096406144771,2000-03-08,2018-12-06
F10208,-6.03645208969861,54.8199474313918,2000-01-10,2018-12-06
F10209,-6.32918017556158,54.8391012413038,2000-01-10,2018-12-06
F10210,-6.27691562216933,54.8553953430683,2000-01-10,2015-09-24
F10211,-6.24073232227894,54.982099693995,2000-01-11,2009-12-22
F10212,-6.31315817377119,54.7421565308863,1990-01-03,2018-12-06
F10213,-6.32440328387902,54.8567069691298,1990-01-24,2018-12-06
F10214,-6.35119410070334,54.9530489122808,1990-01-24,2018-12-06
F10215,-6.28217570408957,54.809677857652,1990-02-15,2018-12-06
F10216,-6.19605549728038,54.8185980579725,1990-01-24,2018-12-06
F10217,-6.30181315516065,54.8513799490446,1990-01-10,2018-12-06
F10218,-6.27860596416111,54.8621394211606,1990-01-24,2009-12-22
F10219,-6.21682262517408,54.8934738131694,1990-02-15,2009-12-17
F10220,-6.34313972083995,54.9541791537263,1990-01-24,2018-12-06
F10221,-6.00846372827867,54.7420974579538,2000-03-22,2009-02-26
F10222,-5.96324012260909,54.7739786224525,2000-01-21,2018-11-21
F10223,-5.99066731012417,54.7499259380461,2000-01-21,2018-11-21
F10224,-6.2393346511254,54.7349884100959,2000-03-22,2018-11-21
F10225,-6.02194501290394,54.6859840578951,2000-03-22,2009-02-26
F10226,-6.00843562306239,54.6809558283997,2000-03-22,2009-12-10
F10227,-6.04573988563807,54.7738987695521,2000-03-22,2018-04-19
F10228,-5.9329318288195,54.7746157860649,2000-03-22,2009-12-10
F10229,-6.15106363387658,54.7197390745648,2000-01-21,2009-12-10
F10230,-6.04086028900191,54.7272616656687,2000-01-21,2018-11-21
F10231,-5.95683847044217,54.7856589114553,2000-03-22,2018-11-21
F10232,-6.23083902326085,54.7339842377545,2000-03-22,2018-04-19
F10233,-6.22581411816501,54.7164541932643,1990-01-10,2018-11-21
F10234,-6.14331940333087,54.702073925779104,1993-02-02,2018-11-21
F10235,-6.09375945540064,54.7134963650526,1990-01-24,2015-11-16
F10236,-6.08422982509001,54.7296441213543,1993-02-02,2018-11-21
F10237,-6.09064975341537,54.7406886347637,1995-02-09,2005-11-28
F10238,-6.00606079891081,54.7439088015393,1990-01-10,2018-11-21
F10239,-6.15032808800459,54.6960177576429,1993-02-02,2018-11-21
F10240,-6.09199796399723,54.712013136281,1990-01-10,2018-11-21
F10241,-6.04697362735032,54.7382946532694,1993-02-02,2018-11-21
F10242,-6.04270275834768,54.7730681233677,1993-02-02,2018-11-21
F10244,-6.24290166472887,54.624909587808,1990-01-03,2018-11-29
F10245,-6.15623861991189,54.6248513746145,1993-02-16,2018-11-29
F10246,-6.11631063970951,54.5891962668355,2000-01-21,2018-07-24
F10247,-6.14078699281971,54.5837348411484,2000-01-21,2018-11-29
F10248,-6.23931445911831,54.588227696611,1990-01-10,2018-11-29
F10249,-6.17498163037071,54.6032579736282,1993-02-16,2018-11-29
F10250,-6.11194969893629,54.1835547049689,2000-01-31,2018-12-11
F10251,-6.48636931420588,54.2249711291827,2000-01-31,2018-12-11
F10252,-6.1018727358353,54.1945200250495,2000-03-29,2018-07-03
F10253,-6.07591469975113,54.2347484621742,2000-03-29,2009-03-05
F10254,-6.12497116588014,54.1639187568236,2000-03-29,2009-12-03
F10255,-6.10638806105916,54.2328142973208,2000-03-29,2009-03-05
F10256,-6.46462220539871,54.2416050722214,2000-01-31,2015-10-01
F10257,-6.14064361354128,54.3025331878115,2000-03-29,2009-03-05
F10258,-6.25406239433388,54.3382365925098,2000-03-30,2009-03-01
F10259,-6.44636353520679,54.3220799605202,2000-03-30,2009-03-01
F10260,-6.48561520358964,54.2702621376626,2000-01-31,2018-12-11
F10261,-6.1688142548231,54.3209882452336,2000-02-29,2018-12-11
F10262,-6.1176796111828,54.2829217650993,2000-01-31,2018-12-11
F10263,-6.47836958534548,54.2656875634343,2000-03-30,2018-08-31
F10264,-6.14608765619988,54.1984525408984,2000-01-31,2009-12-03
F10265,-6.13537914055557,54.1912338107349,2000-01-31,2018-12-11
F10266,-6.45011971959164,54.2581398662015,2000-03-30,2012-10-02
F10267,-6.45513294491325,54.4038078672413,2000-03-30,2018-07-05
F10268,-6.51799941528328,54.5044204961185,1997-01-14,1999-12-13
F10269,-6.43271695520957,54.4698150720682,1990-01-03,2014-12-09
F10270,-6.44043699022285,54.4274456784378,1990-02-01,2014-12-09
F10271,-6.39660560688611,54.3980492946013,1990-01-24,2018-12-11
F10272,-6.36004115897813,54.3720327966466,1993-04-27,1999-12-13
F10273,-6.30774948167632,54.3787950635026,1990-02-01,2018-07-05
F10274,-6.28855245186581,54.3737175168588,1993-04-15,1999-12-13
F10275,-6.27870638315882,54.3585639473245,1990-01-10,1994-03-08
F10276,-6.26631766649311,54.3488177625374,1993-04-27,1999-12-13
F10277,-6.25129655204769,54.3410896427009,1990-02-01,2018-07-04
F10278,-6.20432093943266,54.3332834361257,1997-01-14,2018-12-11
F10279,-6.17495652276955,54.3211172971541,2000-01-31,2009-12-17
F10280,-6.14338809930588,54.3016320508268,1993-04-27,2018-12-11
F10282,-6.11611322886361,54.2438927576918,1997-01-14,2009-12-03
F10283,-6.10699194751555,54.2410632171235,1993-04-27,2018-12-11
F10286,-6.11171076140157,54.2317926677971,1993-04-27,2018-12-11
F10287,-6.13551049495422,54.1964832085049,1990-02-01,2009-12-03
F10292,-6.45894521617594,54.4298575226415,1990-01-10,2018-12-11
F10293,-6.49591193256904,54.3777379494894,1997-01-14,1999-12-13
F10294,-6.51697945256931,54.3376585785817,1997-01-14,1999-12-13
F10295,-6.40140335269585,54.3950492010374,1990-01-24,2018-12-11
F10296,-6.39190121049353,54.3581041947456,1997-01-14,1999-12-13
F10297,-6.44483081130829,54.3260403723097,1990-01-24,2016-10-18
F10298,-6.47027360754098,54.3031676401774,1997-01-14,1999-12-13
F10299,-6.46310884466936,54.2530142611959,1997-01-14,1999-12-13
F10300,-6.47124442020072,54.205220464686,1997-01-14,2018-12-11
F10301,-6.97370880900431,54.4121419427948,2000-03-22,2016-09-19
F10302,-6.98543267684041,54.4139030412291,2000-03-22,2009-02-24
F10303,-7.14104837059893,54.4366982345076,2000-03-22,2018-08-23
F10304,-6.90764839518394,54.3773694657671,2000-03-22,2018-12-10
F10305,-6.81779618752699,54.5343795448032,2000-03-22,2009-02-26
F10306,-7.12325077107886,54.4235978766567,2000-03-22,2009-02-19
F10307,-7.18481646786736,54.4141920989781,2000-03-22,2018-08-23
F10308,-7.11611510291735,54.3707393601911,2000-03-22,2009-02-19
F10309,-7.19235575084403,54.4271343222601,2000-01-25,2018-08-23
F10310,-6.8498961965279,54.2918614825653,2000-03-22,2016-09-19
F10311,-6.66400815347296,54.4879028688564,2000-01-25,2018-12-10
F10312,-7.09717124544508,54.4395494350336,2000-01-25,2018-08-23
F10313,-7.06151658986787,54.4155335798695,2000-01-25,2009-12-16
F10314,-6.66558829404743,54.2756952305348,2000-01-25,2018-12-10
F10315,-6.83423701442791,54.5071564615375,2000-01-25,2016-11-07
F10316,-6.66824385322579,54.2504784944133,2000-01-25,2018-12-10
F10317,-6.67460721947606,54.3275713534137,2000-03-23,2018-12-10
F10318,-6.65505893989433,54.3627619980175,2000-03-23,2018-12-10
F10319,-6.78158031550994,54.3076315166642,2000-01-25,2018-12-10
F10320,-6.89129253411857,54.4742465217938,2000-01-25,2018-12-10
F10321,-6.80235779322239,54.4548728262211,2000-01-25,2018-12-10
F10322,-7.1363712466506,54.3901741657954,2000-03-22,2009-02-19
F10323,-6.84183133706764,54.3291312779491,2000-01-25,2018-12-10
F10324,-6.62007938262493,54.4020685168451,2000-03-22,2009-02-24
F10325,-6.74182888894246,54.4672753878484,2000-03-22,2009-12-16
F10326,-6.70251674292554,54.483282419544,2000-03-22,2009-12-16
F10327,-6.6398670215705,54.4908858103878,1990-01-31,1999-12-02
F10328,-6.65497695362086,54.4682802607579,1990-01-03,2018-12-10
F10329,-6.68694265623153,54.4444557287767,1990-01-09,2018-12-10
F10330,-6.73899182324499,54.4095682131697,1993-02-12,2018-12-10
F10331,-6.83296948868794,54.3451453560403,1990-01-23,2018-12-10
F10332,-6.90686971596369,54.3696092507092,1993-02-12,2018-12-10
F10333,-7.03730013941647,54.4221975462735,1990-01-23,2018-12-10
F10334,-6.63882729171115,54.504988095961,1990-01-23,1997-11-28
F10335,-6.63793549784136,54.5062717561579,1990-01-23,2014-12-08
F10336,-6.7404014106921,54.5513322876427,1990-01-23,2016-11-07
F10337,-6.63567228415857,54.4870921582364,1990-01-23,1999-12-02
F10338,-6.62475724527706,54.4394333105812,1990-01-23,1999-12-02
F10339,-6.55447881229682,54.4379477724615,1990-01-23,2018-12-10
F10340,-6.52120510848414,54.4156321533647,1990-01-24,1999-12-02
F10341,-6.54611137582169,54.355200392497,1990-01-24,2018-12-10
F10342,-6.66773795834928,54.4676400353937,1990-01-09,2018-12-10
F10343,-6.66500818410497,54.4430024247511,1990-01-03,2018-12-10
F10344,-6.66764140720191,54.3837270176081,1990-01-09,1999-12-02
F10345,-6.68459424241192,54.2944747415479,1990-01-24,2018-12-10
F10346,-6.79637818543461,54.4206203367277,1990-01-23,2018-12-10
F10347,-6.82592545389722,54.3441067265371,1993-02-12,2018-12-10
F10348,-7.03016214121933,54.4289321635262,1993-02-12,2015-03-10
F10349,-7.15131363594973,54.4105474308056,1993-02-04,2018-08-23
F10350,-6.65612305395311,54.627462365752,2000-01-07,2018-11-19
F10351,-6.78716602908008,54.6378119631891,2000-01-07,2018-11-19
F10352,-6.86114964536246,54.6472805589349,2000-01-07,2018-11-19
F10353,-6.67579734688706,54.6890925102869,2000-03-08,2018-11-19
F10354,-6.80780074439117,54.5937092077759,2000-03-08,2018-08-02
F10355,-6.82047654503435,54.5560656832071,2000-03-08,2018-11-19
F10356,-6.78613764094192,54.5818688114419,2000-01-07,2018-11-19
F10357,-6.67281908835352,54.6905422409582,2000-01-07,2018-11-19
F10358,-6.86978883808663,54.6619688416791,2000-01-07,2018-11-19
F10359,-6.7904467930322,54.6545903944964,2000-01-07,2018-11-19
F10360,-6.82018413743552,54.5565569397711,2000-01-07,2018-11-19
F10361,-6.56392873763191,54.6578027235438,1990-01-03,2018-11-19
F10362,-6.70692917621367,54.6293273694783,1990-01-03,2014-11-17
F10363,-6.74270137826502,54.6297491082835,1990-01-24,2018-11-19
F10364,-6.86344066786067,54.6556658278871,1993-02-16,2018-11-19
F10365,-6.71233420549652,54.657225743934,1990-01-10,1999-12-10
F10366,-6.75144908998236,54.6762675623475,1993-02-16,2018-11-19
F10367,-6.65143134855009,54.6475789754873,1993-02-16,2018-11-19
F10368,-6.72545704311553,54.6231273959044,1990-01-24,2018-11-19
F10369,-6.80430114710401,54.5932883751879,1993-02-16,2018-11-19
F10370,-6.67997399360878,54.8373414841394,2000-03-08,2018-12-04
F10371,-6.65560174045276,54.7796955590542,2000-03-08,2016-10-04
F10372,-6.52294929746223,54.7476523412387,2000-03-08,2009-03-31
F10373,-6.76307779116802,54.8106825293046,2000-01-07,2018-12-04
F10374,-6.83242236723468,54.7776009159877,2000-01-07,2018-12-04
F10375,-6.81052283352791,54.7819067985365,2000-01-07,2015-09-17
F10376,-6.79696704526047,54.7997849786638,2000-01-07,2018-12-04
F10377,-6.79654902191349,54.8117557874609,2000-01-07,2018-12-04
F10378,-6.8704991744514,54.7836929344998,2000-01-07,2018-12-04
F10379,-6.6758329311008,54.7684280493821,2000-03-08,2018-12-04
F10380,-6.51559857994792,54.7533032617024,1990-01-03,2018-12-04
F10381,-6.69810851049381,54.8193906050944,1993-02-12,2009-07-30
F10382,-6.55453879302376,54.7589574396866,1993-02-12,2018-12-04
F10383,-6.62003965822064,54.7966167054394,1993-02-12,2018-12-04
F10384,-6.63939097495634,54.8144073125255,1993-02-12,2018-12-04
F10386,-6.53725175883893,54.686923879512,2000-01-07,2018-11-19
F10387,-6.25160078865152,54.5487931174794,2000-01-21,2018-11-29
F10388,-6.51025047259487,54.6387549516619,2000-03-08,2012-09-20
F10389,-6.53198699630421,54.7073256041512,2000-03-08,2012-10-05
F10390,-6.27889758543091,54.5267054259711,2001-03-23,2012-10-18
F10391,-6.25821995507094,54.7330511367214,2000-03-22,2012-10-30
F10392,-6.2498055289982,54.5661702008939,2001-03-23,2012-10-18
F10393,-6.24826990173083,54.571691423411004,2001-03-23,2018-07-24
F10394,-6.61248260671685,54.5516572701523,2000-03-08,2012-09-20
F10395,-6.36237975521625,54.7037774244154,1998-09-01,2018-12-06
F10396,-6.22391093431431,54.6808301610639,1993-03-24,2018-11-29
F10397,-6.26407442787609,54.6607483981462,1993-03-24,2012-11-22
F10398,-6.30115268375425,54.5695526981356,2004-01-15,2018-11-29
F10399,-6.34338085980889,54.5291695074079,1998-09-01,2018-12-06
F10401,-6.60660836286856,54.5326513373833,1998-09-01,2007-02-28
F10402,-6.50269548649232,54.6192741230115,1998-09-01,2018-12-06
F10403,-6.61237288039714,54.8796458454693,2001-03-21,2009-03-31
F10404,-6.59863790481003,54.8668661538955,2000-01-18,2018-11-26
F10405,-6.668552090639,54.8977477054263,2000-01-18,2003-12-02
F10406,-6.51482985655826,54.8992982594384,2000-01-18,2018-11-27
F10408,-6.48712281839259,54.8890652302946,2001-03-21,2009-03-31
F10409,-6.45384851514513,55.085720367979,2000-01-19,2018-11-27
F10410,-6.50074075623575,54.791769069747,2001-03-21,2009-03-31
F10411,-6.76532341628014,54.9531280500621,2000-01-18,2018-11-26
F10412,-6.67352722150276,55.1452292034803,2001-03-21,2018-11-27
F10413,-6.48185674628317,55.0731635725725,2000-01-19,2009-12-09
F10414,-6.55558601856862,55.0530575459041,2000-01-19,2018-11-27
F10415,-6.58890397889822,55.0712085047527,2000-01-19,2009-12-09
F10416,-6.76368871495099,55.155546637201,2000-01-18,2018-11-27
F10417,-6.52969446922901,54.9610528120593,2000-01-19,2018-11-27
F10418,-6.69783611931969,55.0228889306996,2000-01-18,2009-12-09
F10419,-6.61088002053642,55.0112188994451,2000-01-18,2018-11-26
F10420,-6.44632142750554,54.7780844702053,2001-03-21,2018-11-27
F10422,-6.4462071119939,54.8199660162408,2001-03-21,2009-03-31
F10423,-6.68320413776584,55.0308882546871,2001-03-21,2009-12-09
F10424,-6.4477486640104,54.7619226476204,2001-03-21,2018-03-22
F10425,-6.51484438744726,54.9450431727371,2000-01-19,2009-12-09
F10427,-6.66014068117142,55.1117731528764,1990-01-03,2018-12-03
F10429,-6.53956919164903,54.9582611765755,1990-01-24,2018-11-27
F10430,-6.48178498404256,54.8727020936321,1990-01-24,2018-11-27
F10431,-6.4640692348496,54.7555632199594,1990-01-03,2018-11-27
F10432,-6.57153125385244,55.0530660785889,1990-01-03,2018-11-27
F10433,-6.50559390302851,55.0705825822229,1990-01-03,2018-03-29
F10434,-6.60756987141623,55.053941891544,1993-02-12,2018-11-26
F10435,-6.58268346843796,55.0412485675494,1990-01-24,1999-12-16
F10436,-6.64581101031942,55.0151073232773,1993-02-12,2018-11-28
F10437,-6.6269447557586,55.0442803660233,1993-02-12,2018-03-29
F10438,-6.50034757018666,54.8728878573704,1990-01-24,2018-11-26
F10439,-6.11893576150239,54.615139980155,2000-03-22,2009-12-10
F10440,-6.10417189064175,54.6220254810411,2000-01-21,2018-07-26
F10441,-6.1903386418284,54.6320954303744,2000-03-22,2018-11-29
F10442,-6.40679990391347,55.1369488364651,2000-01-21,2018-11-29
F10443,-6.389642837155,55.1085598230439,2000-01-21,2018-11-29
F10444,-6.4456885192465,55.1349627602738,2000-03-22,2018-11-29
F10445,-6.46690911407377,55.1278832035818,2000-03-22,2009-04-02
F10446,-6.539897632575,55.1911687957233,2000-03-22,2008-04-10
F10447,-6.55517690117279,55.1304083779274,2000-03-22,2015-10-15
F10448,-6.30959629612155,55.1342015102959,2000-01-21,2018-11-29
F10449,-6.52592968485478,55.2058500281776,1999-01-06,2018-12-03
F10450,-6.5223087053145,55.162390037719,1999-01-18,1999-12-10
F10451,-6.51368067331713,55.117619914425,1999-01-18,2018-11-29
F10452,-6.49334347336903,55.1128513922278,1999-01-18,2009-12-22
F10453,-6.43972302188485,55.1106221309381,1999-01-18,2018-11-29
F10454,-6.31301024050751,55.0978739047089,1999-01-18,2018-11-29
F10455,-6.46899285932317,55.1230044561272,1999-01-18,2018-11-29
F10456,-6.39994136549762,55.1370925251001,1999-01-18,2018-11-29
F10457,-6.17124048395953,55.0869600495309,2000-01-31,2009-12-03
F10458,-6.08175149001703,55.0818994199353,2000-01-31,2018-12-11
F10459,-6.12820022335409,55.114093479551,2000-03-29,2009-04-02
F10460,-6.06892186738603,55.116402244179604,2000-03-29,2009-04-02
F10461,-6.04608549908788,55.1311403354187,2000-03-29,2009-04-02
F10462,-5.83334367927593,54.875269382714,2000-03-29,2018-12-11
F10463,-6.004073753968,54.9953983667038,2000-01-31,2018-12-11
F10464,-6.17676293896716,55.0809068388461,2000-01-31,2018-12-11
F10465,-6.15396388697072,55.1005705709671,2000-03-29,2018-12-11
F10466,-6.15774044086485,55.1910776883388,2000-01-31,2018-12-11
F10467,-6.17813245339286,55.192255565383,2000-01-31,2018-12-11
F10468,-6.20697943707628,55.1440360337411,2000-01-31,2009-12-23
F10469,-6.12859352025469,55.020171202941,2000-03-29,2018-12-11
F10470,-5.99156972706701,54.9128409596766,2000-01-31,2018-12-11
F10471,-6.08647254922542,55.1282956494972,2000-01-31,2009-12-03
F10472,-6.24997093158314,55.1995515899869,1999-01-18,2018-12-11
F10473,-6.23274377455068,55.1991324189135,1999-01-18,2018-12-11
F10474,-6.20911748565436,55.1992188961044,1999-01-18,2018-12-11
F10475,-6.05725914844657,55.1251379885136,1999-01-04,2018-12-11
F10476,-6.06316924624242,55.0804552175123,1999-01-04,2018-12-11
F10477,-6.08672626081553,55.0252607698819,1999-01-04,2018-12-11
F10478,-5.98798762566836,54.9817734306659,1999-01-04,2018-12-11
F10479,-5.95506913424823,54.9661571781905,1999-01-04,2018-12-11
F10480,-6.09284821353473,54.506581736475,2000-03-15,2009-02-17
F10481,-6.01600161637796,54.4741307039685,2000-03-15,2009-02-17
F10482,-5.98430237988319,54.5326557693594,2000-03-15,2009-02-17
F10483,-6.01630176857697,54.3837455321032,2000-03-15,2009-12-16
F10484,-6.23357830522744,54.406393668068,2000-01-14,2018-12-13
F10485,-6.07869270611654,54.3666141163639,2000-03-15,2009-02-17
F10486,-6.02043122911148,54.3801473976709,2000-01-14,2018-12-13
F10487,-6.09291801127594,54.3876940669479,2000-01-14,2018-12-13
F10488,-6.06756729078694,54.3928256131994,2000-01-14,2018-12-13
F10490,-5.95541998936405,54.5905375436534,2000-07-03,2006-01-16
F10494,-5.96250171535089,54.5831904933196,1990-01-12,2018-11-26
F10502,-5.96276262287942,54.5971755224756,1990-01-12,2002-10-25
F10511,-5.92791233906007,54.5685682732759,1990-01-10,2018-12-03
F10512,-5.95294442863862,54.5522913483771,1990-01-10,2018-12-13
F10513,-5.95229489983055,54.5485964784737,2000-04-03,2018-11-26
F10515,-5.98307347427702,54.5353307795793,1990-01-10,1999-12-16
F10517,-6.01403287194217,54.5678566458389,1994-09-27,2018-11-26
F10518,-6.01069290418833,54.5469027863623,2000-04-03,2018-11-26
F10519,-6.01736134312271,54.5333731546505,1993-04-08,2018-12-13
F10520,-6.02210565905408,54.5218512829059,1990-01-10,1993-03-24
F10521,-6.03829292985532,54.5099314733923,1990-01-10,1999-12-16
F10522,-6.05198192342727,54.4990564823592,1990-01-10,2018-12-13
F10523,-6.09744864428671,54.5006164162141,1990-01-17,2018-12-13
F10524,-6.17595870840008,54.4775051456391,1990-01-10,1999-12-16
F10525,-6.24674591530943,54.4634139175768,1990-01-10,1993-03-24
F10526,-6.25949884448886,54.4587376338888,1993-01-14,2018-12-13
F10527,-6.2698127346714,54.420790808616204,1990-01-24,2018-12-13
F10528,-6.18730014515506,54.4192118323974,1990-01-10,1999-12-16
F10529,-6.16117182790379,54.4140187987454,1990-02-01,2018-12-13
F10530,-6.07345993051868,54.3981760675377,1990-02-01,2018-12-13
F10531,-6.05308573887931,54.4943481888375,1990-01-10,2018-12-13
F10532,-6.00012647898032,54.472548146709,1992-07-06,2018-06-19
F10533,-5.84823577778286,54.3765527127916,2000-01-14,2018-11-28
F10534,-5.81051291460167,54.4031002529188,2000-03-15,2018-11-28
F10535,-5.78220480106746,54.3588595062354,2000-03-15,2009-05-08
F10536,-5.90208282060542,54.3697735127148,2000-03-15,2003-03-03
F10537,-5.90984152666836,54.3657838847162,2000-03-15,2018-11-28
F10538,-5.93390517073763,54.4065693321557,2000-03-15,2009-05-08
F10539,-5.98499885246534,54.425026009276,2000-03-15,2018-11-28
F10540,-5.99481130140323,54.4355043063979,2000-03-15,2009-05-08
F10541,-5.71301042167249,54.3448526605711,1990-01-03,2018-12-04
F10542,-5.77164489573664,54.3635081650964,1990-01-10,2018-11-28
F10543,-5.81116840226491,54.4017822859604,1990-02-01,1999-11-25
F10544,-5.8789870956536,54.3938819140975,1990-01-10,1999-11-25
F10545,-5.93125603698609,54.4169648483895,1990-01-10,2018-11-28
F10546,-5.76854651240972,54.3877210795843,1992-07-06,2018-11-28
F10547,-5.69668502625963,54.4724269257648,2000-03-08,2009-03-12
F10548,-5.68212037216855,54.4874329543595,1990-01-24,2018-11-19
F10549,-5.77007561519171,54.5687711450836,2000-01-07,2018-11-21
F10550,-5.74972391724701,54.5564345710867,1990-01-10,2018-11-19
F10551,-5.87282411531393,54.8253291199413,2000-01-14,2009-11-30
F10552,-5.83069138587286,54.7999104419085,2000-01-14,2009-11-30
F10553,-5.82069074809629,54.8019414689173,2000-01-14,2009-11-30
F10554,-5.83656394345218,54.8489022957541,1998-01-04,2009-11-30
F10555,-5.8562793532266,54.8365295789264,1992-07-08,2017-09-19
F10556,-5.80884866491484,54.8270478208162,1993-02-12,2018-11-21
F10557,-5.75904671064428,54.7357297604305,1993-02-12,2018-11-21
F10558,-5.77163337241307,54.7296273075481,1993-02-12,1997-12-12
F10559,-5.82435116312729,54.7109258969829,1993-02-12,2018-11-21
F10560,-5.89366132239401,54.6766869925726,1993-02-12,2018-11-21
F10561,-5.92828848864544,54.6172197456038,2000-04-03,2009-12-14
F10563,-5.95814547119385,54.6319054276141,2000-07-03,2009-02-17
F10570,-5.65271547329605,54.4128674115758,2000-03-08,2009-03-12
F10571,-5.75279163186652,54.5470389411575,2000-03-08,2018-11-19
F10572,-5.53249799741576,54.6082954431615,2000-03-08,2018-11-19
F10573,-5.62295287552111,54.6313034729748,2000-03-08,2009-04-16
F10574,-5.64081719241996,54.6646210026428,2000-03-08,2018-11-19
F10575,-5.52427041702882,54.4594189925694,2000-01-07,2018-11-19
F10576,-5.7274419755887,54.6648132572476,2000-01-07,2018-11-19
F10577,-5.6264279822129,54.5663246255056,2000-01-07,2018-11-19
F10578,-5.69141417017057,54.6632331403061,2000-03-08,2009-04-16
F10579,-5.89111710377766,54.5917518626094,1990-01-04,2018-11-26
F10602,-5.9058631210275,54.2954848029415,2000-01-14,2018-11-21
F10603,-5.65838281003974,54.2779734937755,2000-03-15,2018-11-28
F10604,-5.54315416900309,54.3210236668421,2000-03-15,2018-11-28
F10605,-5.7289587397669,54.2556015014588,2000-03-15,2018-11-28
F10606,-5.80539076361506,54.2991158475635,1992-07-20,2018-11-21
F10607,-5.83818293846279,54.2784484241329,1992-07-20,2018-11-21
F10608,-5.85308555216293,54.2617589825849,1992-07-20,2018-11-21
F10609,-5.90144618063,54.239167641936,1992-07-20,2018-11-21
F10610,-6.33302386583295,54.263989470828,2000-03-03,2018-11-26
F10611,-6.20571922110074,54.2319356921197,2000-03-02,2009-12-01
F10612,-6.18907499970974,54.2376257710533,2000-03-03,2009-04-07
F10613,-6.35042286324216,54.2883440037583,2000-03-03,2015-02-19
F10614,-6.21808081762655,54.221966082134,2000-03-03,2009-04-07
F10615,-6.24955905339925,54.2158146734572,2000-03-03,2018-11-26
F10616,-6.37149963955468,54.2064198079334,2000-03-03,2009-04-07
F10617,-6.27274193201888,54.2065623870586,2000-03-03,2018-11-26
F10619,-6.33673812567041,54.1778130076091,1990-01-03,2007-12-05
F10620,-6.35246442774004,54.2106353770499,1990-02-01,2009-12-01
F10621,-6.31977149822145,54.2203815902817,1990-02-01,1999-11-25
F10622,-6.30365718216601,54.1844855136702,1990-02-01,2018-11-26
F10623,-6.21545432353805,54.2284683105866,1990-01-10,2009-12-01
F10624,-6.35783510724876,54.1965845202238,1990-01-03,1999-11-25
F10625,-6.37579589820941,54.193800212508,1992-07-22,2018-11-26
F10626,-6.36840191079273,54.2367825201555,1992-07-22,2018-11-26
F10627,-6.35422128063773,54.210398835487,1994-04-22,1999-11-25
F10628,-5.99312960602003,54.2130368249281,2000-01-11,2009-11-25
F10629,-5.89525865054602,54.2049234507657,2000-01-11,2009-11-25
F10630,-5.87461631292625,54.1729043743502,2000-01-11,2009-11-25
F10631,-5.89374433876646,54.1355636440047,2000-01-11,2009-11-25
F10632,-6.0529171347968,54.1057981753636,2000-01-31,2009-12-03
F10633,-5.9638970646202,54.0754893113027,2000-03-09,2018-12-12
F10634,-5.91620673967776,54.0971815182485,2000-03-09,2009-03-12
F10635,-5.91763991432765,54.2341022596101,1992-07-20,2018-12-12
F10636,-5.92679411192363,54.2219230345405,1992-07-20,2018-12-12
F10639,-5.89967405349131,54.1091055446445,1993-02-02,2018-12-12
F10640,-5.99516673007958,54.0683590127925,1993-02-02,2018-12-12
F10641,-6.0072211928196,54.0667443236353,1993-02-02,2018-12-12
F10642,-6.06379701015058,54.0714965506303,1993-02-16,2018-11-22
F10643,-6.10889045678833,54.0686200602541,1993-02-16,2018-11-22
F10644,-6.18304044216991,54.1074926161365,1990-01-10,2018-11-22
F10646,-6.20507171918669,54.1082636445405,1993-02-12,2018-11-22
F10647,-6.22947900061842,54.1049683819663,1993-02-12,2018-11-22
F10648,-6.36224826748039,54.0973521166451,2000-01-05,2007-04-13
F10649,-6.38237172415249,54.0736255194209,2000-03-03,2018-11-27
F10650,-6.57416188405514,54.079574514927,2000-01-05,2003-11-24
F10651,-6.52778765083028,54.1020258068882,1993-02-12,2018-11-27
F10652,-6.45019678767039,54.0808171959513,1993-02-12,2018-11-27
F10653,-6.63443544173366,54.1462122188947,2000-01-05,2018-11-27
F10654,-8.09036008300726,54.4155822587892,1993-02-08,2018-12-06
F10655,-8.12735473052853,54.4345668352231,1998-01-07,2018-12-06
F10656,-8.09463645450583,54.4131355165945,1998-01-07,2018-12-06
F10657,-8.09662066782018,54.4054351838216,1993-02-08,2018-12-06
F10658,-7.83253956137157,54.4628055388622,2000-03-15,2015-11-25
F10659,-7.6941001178806,54.478443507948,2000-03-15,2016-11-08
F10660,-8.09406252867844,54.4788850151007,1991-03-05,2000-11-12
F10661,-8.02150975745328,54.4759729534092,1990-01-02,2018-12-03
F10662,-7.97081864440577,54.5014387610115,1991-03-05,1999-11-29
F10663,-7.9866502871585,54.5156261315357,1991-03-05,2018-12-03
F10664,-7.9529267647956,54.5036968434822,1998-01-07,2018-11-27
F10665,-7.86883952822767,54.534914230258,1992-06-30,2018-11-27
F10666,-7.71238549265206,54.4381981150296,1990-01-02,2018-11-27
F10667,-7.65320459711613,54.3800005415235,1998-01-07,2018-11-27
F10668,-7.65804472925053,54.3568638765194,1991-03-05,2018-11-27
F10669,-7.64545732501049,54.346828853087,1990-01-02,2018-11-22
F10670,-7.62123527769619,54.3270991642842,1991-03-05,2018-11-22
F10671,-7.49501996533903,54.1989330009199,1990-01-09,2018-11-22
F10672,-7.42589575603001,54.2235982789637,1994-04-14,2016-11-03
F10673,-7.45998847815829,54.1828436341051,1998-01-07,2018-11-22
F10674,-7.45766575266989,54.1625476116902,1990-01-02,2018-11-22
F10675,-7.36013983414133,54.1809079141989,1994-04-14,2018-11-22
F10676,-7.51155691853726,54.1933863463712,1990-02-14,2003-11-27
F10677,-7.57297274578824,54.2307946947575,1998-01-21,2018-11-22
F10678,-7.82915826723701,54.5413504531815,1990-01-09,1999-11-29
F10679,-7.83088752221651,54.549087422378,1992-06-30,2018-12-04
F10680,-7.71316096767745,54.5585671012344,2000-01-24,2009-12-07
F10681,-7.75036063535051,54.536577930759,1991-03-05,2018-12-04
F10682,-7.68325641886661,54.5659934023197,1991-03-10,1999-12-05
F10683,-7.72163800875732,54.5621083388065,1991-03-10,2009-12-07
F10684,-7.71710730837665,54.5199395279004,2000-01-24,2018-12-04
F10685,-7.60422159233337,54.5458356571591,2000-01-24,2009-12-07
F10686,-7.64103826840888,54.5499571320904,2000-03-22,2009-12-07
F10687,-7.60160070201828,54.5531483963967,2000-03-22,2009-12-07
F10688,-7.72296746713046,54.5233757311218,1991-03-05,2018-12-04
F10689,-7.65863250024724,54.534188615438,1991-03-10,1999-12-05
F10690,-7.62323331323662,54.5452047048732,1991-03-10,2018-12-04
F10691,-7.71998378585773,54.5283365885427,1991-03-10,2018-12-04
F10692,-7.68413673748724,54.5441305578897,1991-03-10,2009-12-07
F10693,-7.64359476580664,54.5367952594215,1991-03-10,2018-12-04
F10694,-7.60605986206712,54.4111721892799,2000-03-26,2018-11-22
F10695,-7.55419738007972,54.4344475555267,2000-03-27,2009-05-27
F10696,-7.48812956201544,54.4459538429291,2000-01-26,2018-11-22
F10697,-7.52688856080076,54.4680404521148,2000-01-26,2018-11-22
F10698,-7.57195320426626,54.4237766088763,2000-03-27,2009-11-25
F10699,-7.54368907593381,54.4412536732367,2000-01-26,2009-11-25
F10700,-7.65013164419625,54.4047231562751,1990-01-09,2018-11-22
F10701,-7.56797533811728,54.43138938094,1991-03-05,2018-11-22
F10702,-7.63709402351359,54.4250411186702,1991-03-05,2018-11-22
F10703,-7.64566056480822,54.4570834037999,1991-03-05,2018-11-22
F10704,-7.52245450618612,54.4567937372481,1991-03-05,2018-11-22
F10705,-7.3491916742107,54.3307170342991,2000-01-27,2018-12-13
F10706,-7.30177182018977,54.3025393316304,2000-01-27,2015-11-05
F10707,-7.27056209954867,54.3795786443454,2000-01-27,2018-12-13
F10708,-7.36169434285149,54.3640683196188,2000-01-27,2018-12-13
F10709,-7.44269660060802,54.3908364891336,2000-01-27,2009-12-14
F10710,-7.47607804894318,54.3636580531914,2000-01-27,2018-12-13
F10711,-7.45513082445086,54.2981913332213,2000-01-26,2018-12-13
F10712,-7.4179613019791,54.3493412747726,2000-03-27,2015-11-02
F10713,-7.46966241860571,54.2586290080329,2000-03-26,2009-05-15
F10714,-7.4442567864726,54.2274755663571,1994-04-14,2018-12-13
F10715,-7.49219991434017,54.2713931487647,1990-01-09,2018-12-13
F10716,-7.41883894729676,54.3449075930719,1991-03-10,2009-12-14
F10717,-7.31710244042473,54.3368281936497,1991-03-10,2018-12-13
F10718,-7.47622409247061,54.3002073410637,1991-03-10,2018-12-13
F10719,-7.46625523823976,54.3702089378338,1991-03-10,1999-12-05
F10720,-7.44240921892535,54.3893259243427,1994-04-14,2015-10-27
F10721,-7.40963067970044,54.3736913005293,1991-03-10,2018-12-13
F10722,-7.34236174818008,54.3541363697913,1991-03-10,2018-12-13
F10723,-7.1648713532837,54.2670269442424,2000-03-27,2016-11-10
F10724,-7.18602436675768,54.2792999055078,2000-03-27,2015-11-05
F10725,-7.22532269629854,54.2205886363803,2000-03-27,2016-11-10
F10726,-7.16808302948072,54.2493059214269,2000-01-26,2018-12-13
F10727,-7.2063598938503,54.2740451977864,2000-03-27,2018-12-13
F10728,-7.35014632195905,54.1296368738019,1991-03-05,2018-12-13
F10729,-7.291663183259,54.1298188694987,1991-03-10,2009-12-31
F10730,-7.18305210445009,54.2246755630914,1991-03-05,1999-11-29
F10731,-7.17579745878925,54.2386500897514,1994-04-05,2018-12-13
F10732,-7.25732988708375,54.1601126040561,1991-03-10,2018-12-13
F10733,-7.26199417648815,54.1921871266338,1991-03-05,1999-11-29
F10734,-7.47836010122634,54.1226607084983,1991-03-10,2018-11-22
F10735,-7.61263353421857,54.2300573874729,1990-01-09,2018-11-22
F10736,-7.6370633697179,54.2768306719782,1990-01-09,2018-12-06
F10737,-7.7309422694075,54.2851801741971,1991-03-10,2018-12-06
F10738,-7.799627610315,54.2870748401981,1991-03-24,2018-12-06
F10739,-7.80419283506453,54.2860582230157,1998-01-21,2016-12-01
F10740,-7.87330861295941,54.2943169119723,1994-04-14,2018-12-06
F10741,-7.93925234031347,54.3160815861683,1998-01-21,2018-12-06
F10742,-7.95469783772582,54.3133394614818,1991-03-24,1997-07-15
F10743,-7.97144190976171,54.340016690072,1991-03-10,2018-12-06
F10744,-7.79753355342064,54.2788782966164,1992-04-13,2018-12-06
F10745,-7.80399268022995,54.2700311499664,1991-03-10,1992-06-10
F10746,-7.64707302981053,54.3198020680743,1990-01-09,2018-04-17
F10747,-7.72289365544338,54.3518558672278,1991-03-10,2009-12-01
F10748,-7.80081157762383,54.3724562349851,1991-03-10,2018-12-06
F10749,-7.81567865836269,54.3956661578507,1991-03-05,1999-11-29
F10750,-7.81861482408239,54.417545210929,1991-03-05,2015-12-03
F10751,-7.79503365159649,54.3493679853428,1991-03-10,2018-12-06
F10752,-7.83469352696992,54.391453564803,1991-03-05,2018-12-06
F10753,-7.64078719904227,54.2246646021416,2000-03-26,2016-11-24
F10754,-7.65443028208981,54.2065843495772,2000-01-27,2018-11-22
F10755,-7.68450956062786,54.1970363805694,2000-01-27,2009-12-30
F10756,-7.70423297184062,54.2670784260071,2000-01-11,2018-12-06
F10757,-7.87694370693992,54.3010044575353,2000-01-11,2018-12-06
F10758,-7.7411763591304,54.2838730289244,2000-03-03,2009-12-01
F10759,-7.76868820869083,54.2814854778916,2000-03-03,2009-05-28
F10760,-7.80788214340236,54.2950297837983,2000-03-03,2010-10-19
F10761,-7.63886112264675,54.2678703905401,2000-03-03,2009-05-28
F10762,-7.72990868926498,54.3515214332203,2000-03-03,2009-05-29
F10763,-7.35867580345731,55.0364764164515,1996-07-23,2018-12-11
F10764,-7.34509574511688,55.0290652367312,1996-07-23,2018-12-11
F10765,-7.35664080424131,55.0170721026858,1996-07-23,2018-12-11
F10767,-7.3156831962271,55.0463925993418,1998-07-15,2009-12-03
F10822,-5.57967144536896,54.6694524644013,2005-01-06,2014-11-17
F10864,-7.23342134578021,54.7176200249798,2000-03-08,2009-11-27
F10865,-7.30931985486025,54.7411989776667,2000-03-08,2009-04-09
F10866,-6.39478692136615,54.1200734070802,2002-03-04,2008-04-25
F10867,-7.11644573718487,55.0324342607714,2001-06-29,2005-12-07
F10868,-7.11856890572036,55.0368781920337,2001-06-29,2005-12-07
F10871,-5.96292695332878,54.5929553500892,2003-05-01,2009-02-17
F10896,-6.70366274733497,54.4075319783382,2004-01-28,2018-12-10
F10898,-6.68155509008255,54.9944251333684,2004-01-13,2018-11-26
F10899,-7.99848483733872,54.3599365143703,2004-01-05,2018-12-06
F10900,-6.64668451834909,54.0587324453241,2004-01-05,2018-11-27
F10901,-7.58359508574022,54.3179195624277,2004-01-26,2018-12-13
F10902,-7.36544346268521,54.1506242146779,2004-01-08,2018-11-22
F10903,-7.52589543407737,54.1386331964317,2004-01-08,2018-11-22
F10904,-6.65937866206071,54.6461669265789,2004-01-06,2018-11-19
F10905,-6.63680733447779,54.6364638644335,2004-01-06,2018-11-19
F10906,-7.86774302665173,54.4394746598092,2004-01-05,2005-12-01
F10907,-7.81885286146789,54.2449362025353,2004-01-05,2008-04-16
F10908,-7.79727555813543,54.2470488736887,2004-01-05,2008-03-18
F10909,-7.00414258786059,55.0544104186062,2004-01-12,2015-11-16
F10910,-6.63179781110208,54.4815860152013,2004-01-28,2018-12-10
F10911,-7.46184690161135,54.6372921100003,2004-01-20,2004-08-12
F10912,-6.93305198319873,55.0586048476208,2004-01-08,2018-11-22
F10913,-6.6028948689077,55.0363078822506,2004-01-13,2014-11-25
F10914,-6.73318025500141,54.9716173297666,2004-01-13,2018-11-26
F10915,-6.60564647687003,54.8731994301922,2004-01-13,2018-11-26
F10916,-6.59512711693946,55.0455162362194,2004-01-13,2018-11-26
F10917,-6.60974894898838,54.143503746231,2004-01-05,2004-11-17
F10918,-6.55440636237258,54.0549269892899,2004-01-05,2018-11-27
F10919,-7.43355443283627,54.2028459787971,2004-01-26,2018-12-13
F10920,-7.42706542706076,54.4023430896309,2004-01-26,2009-12-14
F10922,-7.31084723056957,54.3321210856108,2004-01-26,2018-12-13
F10923,-7.24268926884882,54.2056779443093,2004-01-26,2018-12-13
F10924,-6.45937679473176,54.8209963947111,2004-01-13,2018-11-27
F10925,-6.42585376778635,54.1716166448367,2004-01-30,2018-11-26
F10926,-7.70388220518637,54.3992524154038,2004-01-13,2008-08-11
F10927,-6.82818800569693,54.7305404300013,2004-01-06,2018-12-04
F10928,-6.0174618685587,54.2369635174035,2004-01-22,2018-12-11
F10929,-5.80103751701818,54.7594468715269,2004-01-12,2018-11-21
F10930,-7.99218128208113,54.4990345834895,2004-01-13,2018-11-27
F10931,-6.00156476547585,54.1288125552074,2004-01-08,2018-12-12
F10932,-6.05689394107416,54.1783028573206,2004-01-22,2018-12-11
F10933,-6.11488480831374,54.5644660415794,2004-01-15,2018-11-29
F10934,-6.63848320934008,54.0802120906871,2004-01-05,2018-11-27
F10935,-5.68816923172728,54.4209918353372,2004-01-12,2007-07-05
F10936,-6.45447543413134,54.4908402230773,2004-01-22,2018-12-11
F10937,-6.27873090709056,54.5589215217607,2004-02-10,2018-11-29
F10938,-7.29213234218612,54.7554188997242,2004-06-16,2018-12-13
F10939,-6.6755888072564,54.525853085719,2004-02-23,2018-12-10
F10940,-6.22708183076685,54.5004852131173,2004-02-23,2018-12-13
F10941,-6.30909757054334,54.5109774529261,2004-02-23,2018-12-13
F10942,-6.02140617141195,54.5222621290866,2004-02-23,2018-12-13
F10943,-6.01042976779547,54.5342116894596,2004-02-23,2018-12-13
F10944,-5.96102952823095,54.5386448876719,2004-02-23,2018-12-13
F10945,-6.40130123772351,54.3952994156363,2004-02-17,2018-12-11
F10946,-6.35623918707569,54.2190248927319,2004-01-30,2018-11-26
F10947,-7.53828520892503,54.1499202176767,2010-04-20,2016-11-24
F10948,-7.23559341791659,55.0253723190259,2004-08-03,2018-12-04
F10949,-6.98034971041499,54.8723336386139,2004-07-27,2009-11-25
F10950,-7.15346340573828,54.8869678366033,2004-08-31,2018-11-29
F10951,-7.42837090668503,54.5308485307028,2004-09-09,2018-12-04
F10952,-7.22895256728694,54.5105613627849,2004-09-09,2009-12-07
F10969,-7.02665739258299,54.6647685813842,2005-02-07,2009-11-27
F10970,-7.72493986543543,54.3310367447753,2005-01-31,2012-08-23
F10971,-8.03456999029863,54.4882770591247,2005-01-31,2016-03-07
F10973,-7.25021224590846,54.8460575138902,2005-01-31,2016-03-07
F10974,-7.33125859409328,54.5667509773601,2005-01-31,2016-02-18
F10975,-6.52298729318443,54.1183641678901,2005-01-31,2016-04-20
F10976,-7.99877712132056,54.3592627588161,2005-01-31,2016-04-20
F10977,-6.37902629404216,54.1163310154865,2006-08-15,2018-11-27
F10978,-6.90922287293892,54.663327616289,2007-01-03,2018-11-19
F10979,-7.83804416271504,54.634203395514,2007-01-12,2018-11-29
F10980,-7.49201009010373,54.5432781668535,2007-02-16,2018-12-04
F10981,-6.00210052417484,54.1574043323844,2007-04-30,2018-12-12
F10982,-6.07679989578029,55.0839145962261,2007-02-14,2018-12-11
F11024,-6.59553832174797,54.5603469123216,2007-05-23,2018-12-06
F11172,-5.67227616911963,54.4181164976894,2007-08-06,2018-11-28
F11179,-5.69064374611183,54.4052153135602,2008-01-03,2018-11-19
F11181,-6.781437895124,54.645498404754,2010-01-04,2018-11-19
F11184,-6.08649547179756,55.1225731661947,2008-04-10,2008-04-10
F11185,-6.25251399631119,55.1974319836155,2008-04-08,2015-05-06
F11203,-6.07823923598548,55.0829670405838,2008-04-10,2016-03-24
F11204,-6.34478372846865,54.1938002157955,2008-01-14,2018-12-03
F11208,-6.92851782588679,54.9218608165553,2008-01-07,2018-11-22
F11209,-6.7283847876676,55.1547521816247,2008-01-14,2018-11-27
F11210,-6.66942267524079,55.1333087390952,2008-01-14,2018-11-27
F11211,-5.86211987726063,54.8985559730194,2008-01-25,2018-12-11
F11212,-6.44142188909633,55.2371212489674,2008-01-16,2018-11-29
F11213,-5.50077443017922,54.5780626167383,2008-01-03,2018-11-19
F11214,-5.63479777481363,54.2707194748703,2008-01-09,2018-11-28
F11215,-5.6908991501029,54.5911598572533,2008-01-03,2008-07-31
F11216,-5.6589103010309,54.4617355376693,2008-01-03,2018-11-19
F11217,-5.56735883542808,54.3596514076716,2008-01-09,2018-11-28
F11218,-5.89319566400311,54.2111233877313,2008-01-07,2008-07-03
F11253,-7.03654059059201,54.4329001447636,2008-06-30,2018-12-10
F11254,-5.70413260667146,54.6007117103772,2008-07-01,2018-11-19
F11255,-5.90678114877197,54.2095452027433,2008-08-04,2018-08-14
F11257,-7.69398246986958,54.399200755631,2008-09-09,2018-11-27
F11258,-6.0047795042836,54.6843637816728,2009-01-14,2018-11-21
F11259,-7.03721425527616,54.5735447421092,2009-03-19,2018-12-04
F11260,-7.63644622736473,54.6751235348801,2009-02-12,2018-11-29
F11287,-5.95955892975535,54.5885229039562,2009-03-13,2018-11-26
F11288,-5.9712168820559,54.5849362957598,2009-08-12,2010-11-29
F11289,-6.73092211069683,54.8252451220351,2009-08-25,2018-12-04
F11290,-7.6249289609513,54.3974067705072,2010-01-05,2018-11-22
F11291,-6.54501582867668,55.0299699598606,2010-01-11,2018-11-27
F11292,-6.68383381861375,54.8335204759766,2011-01-04,2016-10-04
F11293,-6.55310644993735,54.4956460463006,2011-01-26,2012-12-03
F11294,-6.38700188078888,54.4759607040198,2011-01-24,2012-12-04
F11295,-6.8744941771927,54.4646851079587,2013-01-22,2015-11-04
F11296,-6.54105949075339,54.4087491251062,2013-02-01,2018-12-10
F11297,-6.48656218572921,54.2980273817377,2011-01-24,2018-12-11
F11298,-6.10788944029695,54.5011756653869,2013-01-22,2018-12-13
F11299,-7.62301902562541,54.243008925182,2010-01-19,2018-11-22
F11300,-7.51490066955093,54.2779818882291,2010-01-27,2018-12-13
F11301,-6.62694683674664,54.6317167393213,2013-01-03,2018-11-19
F11302,-6.44220612482667,55.0633197305648,2010-01-11,2018-11-27
F11303,-6.25721297399821,54.8720850603745,2011-01-18,2018-12-06
F11304,-6.20172206274994,54.8944460480862,2011-01-18,2018-12-06
F11305,-6.61329578533135,55.1091826573661,2010-01-11,2018-11-27
F11306,-6.39987991848673,54.4574892268605,2011-01-24,2018-12-11
F11307,-6.2748667406594,54.1783799489254,2013-01-10,2018-11-26
F11308,-6.68085130632172,55.0843849188067,2010-01-11,2018-11-26
F11309,-6.36388463355752,55.1241803617698,2010-01-13,2018-11-29
F11310,-5.95504053213895,54.8852597076557,2013-01-28,2018-12-11
F11311,-6.68248723713699,54.763999721156,2011-01-04,2018-12-05
F11312,-7.11232858881158,54.8960164810402,2010-01-06,2018-11-29
F11313,-7.24859993475683,54.8364896259277,2013-01-24,2018-11-27
F11314,-7.23562114268305,54.7260601519969,2010-01-04,2018-11-19
F11315,-7.04193383949829,54.6708733536374,2010-01-04,2018-11-19
F11316,-7.39875374075863,54.3440814673737,2013-01-23,2018-12-13
F11317,-7.80491843447892,54.6476560083726,2010-01-25,2018-11-29
F11318,-7.80770428366465,54.5662465403606,2010-01-20,2015-09-17
F11319,-7.72072394604407,54.6053152471841,2010-01-20,2018-12-04
F11320,-7.50536559677852,54.5351407763172,2010-01-20,2018-12-04
F11321,-6.76933789919576,54.5003591365701,2013-03-07,2015-10-23
F11322,-7.19465763730759,54.42053772724,2013-01-22,2018-08-23
F11323,-6.26869486720291,54.5681131696083,2011-01-11,2018-11-29
F11324,-6.23469936252408,54.2234596954302,2010-01-18,2018-11-26
F11325,-6.71432831950771,54.2422372145507,2013-03-05,2016-09-15
F11326,-6.67192607264342,54.36210430449,2013-01-22,2015-11-10
F11327,-6.44677607757414,54.3225524721541,2010-01-26,2018-12-11
F11328,-6.13377343540524,54.1955847342256,2010-01-26,2018-12-11
F11329,-7.63676520542845,54.3002321239189,2010-01-05,2018-11-22
F11330,-7.4591630912182,54.3771665710867,2013-01-23,2018-12-13
F11331,-6.12275012643485,54.4874988965356,2013-01-22,2018-12-13
F11334,-5.78049609873383,54.3072324192453,2013-03-12,2015-11-12
F11335,-7.27097746734099,54.5963082892751,2010-03-11,2018-07-19
F11355,-5.63068820597773,54.2743769326313,2013-03-12,2013-03-12
F11417,-7.72099024326718,54.3309198626992,2012-09-20,2016-03-03
F11421,-7.65023577851666,54.3255697577316,2014-01-13,2018-12-06
F11437,-5.82297837604933,54.849908261016,2013-05-01,2018-11-21
F11438,-5.63702696183746,54.2966788614989,2013-10-31,2018-07-20
F11439,-7.25555129202326,55.0166121645039,2013-07-25,2018-12-03
F11440,-7.2560835086506,55.0047581883699,2013-07-25,2018-12-03
F11441,-7.26213371171741,54.9986867693681,2013-07-25,2018-12-03
F11442,-7.25655396293991,55.0046712375956,2014-01-07,2014-01-07
F11449,-6.56960258577348,54.4639215754514,2015-02-12,2018-12-10
F11450,-6.67465917941033,54.5254655706261,2015-01-22,2018-12-10
F11451,-6.66234469957675,54.6355718348537,2015-01-06,2018-11-19
F11452,-6.36126684099974,54.9997122213763,2015-01-27,2018-12-06
F11453,-6.25373868540601,55.0491275109524,2015-02-05,2018-11-29
F11454,-6.1874872096113,54.3353497549683,2015-01-20,2018-12-11
F11456,-6.60690469981801,55.0280352560415,2015-03-09,2018-11-26
F11466,-6.68737354792031,54.8347446405177,2015-01-13,2018-12-04
F11467,-7.79922383359449,54.6778296633873,2016-10-27,2018-04-11
F11468,-6.3425921291167,54.2974819165501,2016-03-03,2018-11-26
F11469,-6.41796780800661,54.2642090265955,2016-01-14,2018-12-11
F11470,-6.45617523584553,54.4018895443122,2016-01-14,2018-12-11
F11471,-6.4743114429401,54.2708383506507,2016-01-14,2018-12-11
F11472,-6.27269477343777,54.8543201527406,2016-01-12,2018-12-06
F11473,-7.41021370093299,54.1739855279709,2016-03-02,2017-01-31
F11474,-7.7063782483627,54.4850857147811,2016-03-07,2018-01-11
F11476,-6.75825390805652,54.4937773295164,2016-02-02,2018-12-10
F11477,-6.97185248412822,54.4155400116809,2016-02-02,2018-12-10
F11478,-6.83466927626602,54.2828838313404,2016-02-02,2018-12-10
F11479,-6.70443324703184,54.2486359046962,2016-02-02,2018-01-23
F11480,-6.23861090688145,54.7344927414735,2016-02-29,2018-11-21
F11482,-7.81158011268839,54.4031070752579,2016-03-03,2018-12-06
F11483,-7.79841498787157,54.2964067587452,2016-03-07,2018-12-06
F11484,-6.4477486640104,54.7619226476204,2016-03-07,2018-11-27
F11485,-7.25599892430097,55.0177646943761,2016-03-09,2018-12-03
F11486,-7.37647732370537,54.180185090773,2016-05-10,2018-04-19
F11489,-6.70058031052371,55.0748143880299,2017-01-12,2018-11-28
F11490,-7.83330008311319,54.2834608814556,2017-01-26,2018-12-06
F11491,-7.70984482593175,54.4879597713967,2017-02-08,2018-11-27
F11492,-7.58839655357607,54.3356606703007,2017-05-03,2018-04-19
F11493,-7.5789087677257,54.3223860998494,2017-05-03,2018-04-19
F11494,-6.7563074186692,55.1426976753909,2017-04-25,2018-04-10
F11495,-7.61792738190704,54.3804599166552,2017-05-03,2018-04-19
F11496,-7.50536704432225,54.2972131225638,2017-05-03,2018-04-19
F11497,-6.56637835504686,54.4582143124578,2017-03-20,2017-09-26
F11498,-6.67825710945738,54.2573629635258,2017-03-28,2018-12-10
F11499,-6.68940429724577,54.2513483831377,2017-03-20,2018-04-24
F11500,-7.78390633891577,54.301313577256,2017-05-03,2018-04-17
F11501,-6.6455216623699,54.3575881898367,2017-09-26,2018-04-24
F11502,-7.25520524208392,55.0057678648175,2017-07-18,2017-10-11
